{"count":1,"self":44.0196384,"total":44.3283888,"children":{"InitializeActuators":{"count":12,"self":0.0015524999999999998,"total":0.0015524999999999998,"children":null},"InitializeSensors":{"count":12,"self":0.0010433999999999999,"total":0.0010433999999999999,"children":null},"AgentSendState":{"count":1933,"self":0.0110989,"total":0.0367783,"children":{"CollectObservations":{"count":4644,"self":0.0126412,"total":0.0126412,"children":null},"WriteActionMask":{"count":4644,"self":0.0010007,"total":0.0010007,"children":null},"RequestDecision":{"count":4644,"self":0.0120375,"total":0.0120375,"children":null}}},"DecideAction":{"count":1933,"self":0.16643529999999998,"total":0.16643529999999998,"children":null},"AgentAct":{"count":1933,"self":0.10194339999999999,"total":0.10194339999999999,"children":null}},"gauges":{},"metadata":{"timer_format_version":"0.1.0","start_time_seconds":"1749292441","unity_version":"6000.0.45f1","command_line_arguments":"A:\\Unity 6000.0.45f1\\Editor\\Unity.exe -projectpath C:\\Users\\gjghw\\Documents\\GitHub\\AIprogramming11 -useHub -hubIPC -cloudEnvironment production","communication_protocol_version":"1.5.0","com.unity.ml-agents_version":"3.0.0","scene_name":"3DBall","end_time_seconds":"1749292485"}}