{"count":1,"self":1499.0650368,"total":1501.4882364999999,"children":{"InitializeActuators":{"count":2,"self":0.0025529999999999997,"total":0.0025529999999999997,"children":null},"InitializeSensors":{"count":2,"self":0.0015061999999999999,"total":0.0015061999999999999,"children":null},"AgentSendState":{"count":74738,"self":0.2318622,"total":0.3970841,"children":{"CollectObservations":{"count":29896,"self":0.084796299999999991,"total":0.084796299999999991,"children":null},"WriteActionMask":{"count":29896,"self":0.027306,"total":0.027306,"children":null},"RequestDecision":{"count":29896,"self":0.053119599999999996,"total":0.053119599999999996,"children":null}}},"DecideAction":{"count":74738,"self":0.4432623,"total":0.4432623,"children":null},"AgentAct":{"count":74738,"self":1.5778356999999998,"total":1.5778356999999998,"children":null}},"gauges":{},"metadata":{"timer_format_version":"0.1.0","start_time_seconds":"1749465685","unity_version":"6000.0.45f1","command_line_arguments":"C:\\Program Files\\Unity\\Hub\\Editor\\6000.0.45f1\\Editor\\Unity.exe -projectpath C:\\Users\\User\\Documents\\GitHub\\AIprogramming11 -useHub -hubIPC -cloudEnvironment production","communication_protocol_version":"1.5.0","com.unity.ml-agents_version":"3.0.0","scene_name":"RL UI Test","end_time_seconds":"1749467186"}}