{"count":1,"self":41.3290752,"total":89.435654,"children":{"InitializeActuators":{"count":2,"self":0.0020012999999999997,"total":0.0020012999999999997,"children":null},"InitializeSensors":{"count":2,"self":0.0020014,"total":0.0020014,"children":null},"AgentSendState":{"count":57284,"self":0.1094464,"total":0.46157479999999995,"children":{"CollectObservations":{"count":22914,"self":0.12418839999999999,"total":0.12418839999999999,"children":null},"WriteActionMask":{"count":22914,"self":0.012850199999999999,"total":0.012850199999999999,"children":null},"RequestDecision":{"count":22914,"self":0.0722163,"total":0.2150898,"children":{"AgentInfo.ToProto":{"count":11457,"self":0.0373379,"total":0.1428735,"children":{"GenerateSensorData":{"count":11457,"self":0.1055356,"total":0.1055356,"children":null}}}}}}},"DecideAction":{"count":57284,"self":45.7004544,"total":45.7004545,"children":null},"AgentAct":{"count":57284,"self":1.9395457999999999,"total":1.9395457999999999,"children":null}},"gauges":{},"metadata":{"timer_format_version":"0.1.0","start_time_seconds":"1749308063","unity_version":"6000.0.45f1","command_line_arguments":"A:\\Unity 6000.0.45f1\\Editor\\Unity.exe -projectpath C:\\Users\\gjghw\\Documents\\GitHub\\AIprogramming11 -useHub -hubIPC -cloudEnvironment production","communication_protocol_version":"1.5.0","com.unity.ml-agents_version":"3.0.0","scene_name":"UI Test Scenes","end_time_seconds":"1749308153"}}