{"count":1,"self":280.99571199999997,"total":732.55691419999994,"children":{"InitializeActuators":{"count":2,"self":0.0009988,"total":0.0009988,"children":null},"InitializeSensors":{"count":2,"self":0.0021763999999999998,"total":0.0021763999999999998,"children":null},"AgentSendState":{"count":76651,"self":0.20722079999999998,"total":9.508818,"children":{"CollectObservations":{"count":30662,"self":0.1600268,"total":0.1600268,"children":null},"WriteActionMask":{"count":30662,"self":0.0160154,"total":0.0160154,"children":null},"RequestDecision":{"count":30662,"self":0.12973679999999999,"total":9.125555,"children":{"AgentInfo.ToProto":{"count":30662,"self":0.19590539999999998,"total":8.9958182,"children":{"GenerateSensorData":{"count":30662,"self":8.7999128,"total":8.7999128,"children":null}}}}}}},"DecideAction":{"count":76651,"self":434.00540159999997,"total":434.005384,"children":null},"AgentAct":{"count":76651,"self":8.0292616,"total":8.0292618,"children":null},"AgentInfo.ToProto":{"count":76,"self":0.0010098,"total":0.014561699999999999,"children":{"GenerateSensorData":{"count":76,"self":0.013551899999999999,"total":0.013551899999999999,"children":null}}}},"gauges":{"DefenderAgent.CumulativeReward":{"count":38,"max":88.01037,"min":-36.2797737,"runningAverage":9.811896,"value":-5.36995459,"weightedAverage":7.69292},"AgentBehavior.CumulativeReward":{"count":38,"max":121.140388,"min":-4.85003042,"runningAverage":35.2830238,"value":20.7500839,"weightedAverage":31.3701477}},"metadata":{"timer_format_version":"0.1.0","start_time_seconds":"1749455509","unity_version":"6000.0.45f1","command_line_arguments":"C:\\Program Files\\Unity\\Hub\\Editor\\6000.0.45f1\\Editor\\Unity.exe -projectpath C:\\Users\\hbsss\\AI_unity2\\AIprogramming11 -useHub -hubIPC -cloudEnvironment production","communication_protocol_version":"1.5.0","com.unity.ml-agents_version":"3.0.0","scene_name":"UI Test Scenes","end_time_seconds":"1749456242"}}