{"count":1,"self":76.3754688,"total":76.8917014,"children":{"InitializeActuators":{"count":2,"self":0.0013964,"total":0.0013964,"children":null},"InitializeSensors":{"count":2,"self":0.0030285999999999998,"total":0.0030285999999999998,"children":null},"AgentSendState":{"count":3473,"self":0.0207351,"total":0.4239808,"children":{"CollectObservations":{"count":1390,"self":0.0083927999999999989,"total":0.0083927999999999989,"children":null},"WriteActionMask":{"count":1390,"self":0.0015237999999999999,"total":0.0015237999999999999,"children":null},"RequestDecision":{"count":1390,"self":0.3933291,"total":0.3933291,"children":null}}},"DecideAction":{"count":3473,"self":0.0281148,"total":0.0281148,"children":null},"AgentAct":{"count":3473,"self":0.058709899999999995,"total":0.058709899999999995,"children":null}},"gauges":{"DefenderAgent.CumulativeReward":{"count":1,"max":51.08944,"min":51.08944,"runningAverage":51.08944,"value":51.08944,"weightedAverage":51.08944},"AgentBehavior.CumulativeReward":{"count":1,"max":47.2246666,"min":47.2246666,"runningAverage":47.2246666,"value":47.2246666,"weightedAverage":47.2246666}},"metadata":{"timer_format_version":"0.1.0","start_time_seconds":"1749471687","unity_version":"6000.0.45f1","command_line_arguments":"C:\\Program Files\\Unity\\Hub\\Editor\\6000.0.45f1\\Editor\\Unity.exe -projectpath C:\\Users\\User\\Documents\\GitHub\\AIprogramming11 -useHub -hubIPC -cloudEnvironment production","communication_protocol_version":"1.5.0","com.unity.ml-agents_version":"3.0.0","scene_name":"UI Test Scenes","end_time_seconds":"1749471764"}}